{
  "properties": {
    "connectionReferences": {},
    "definition": {
      "$schema": "https://schema.management.azure.com/providers/Microsoft.Logic/schemas/2016-06-01/workflowdefinition.json#",
      "contentVersion": "1.0.0.0",
      "parameters": {
        "$authentication": {
          "defaultValue": {},
          "type": "SecureObject"
        }
      },
      "triggers": {
        "manual": {
          "metadata": {
            "operationMetadataId": "83ce8a83-e2b9-4d4d-a2c4-3aa0019a7f2c"
          },
          "type": "Request",
          "kind": "PowerAppV2",
          "inputs": {
            "schema": {
              "type": "object",
              "properties": {
                "number": {
                  "title": "Second",
                  "type": "number",
                  "x-ms-dynamically-added": true,
                  "description": "待機秒数を入力してください",
                  "x-ms-content-hint": "NUMBER"
                }
              },
              "required": [
                "number"
              ]
            }
          }
        }
      },
      "actions": {
        "待ち時間": {
          "runAfter": {},
          "metadata": {
            "operationMetadataId": "22f3e19a-c836-4b41-9c50-ced66bb2d181"
          },
          "type": "Wait",
          "inputs": {
            "interval": {
              "count": "@triggerBody()['number']",
              "unit": "Second"
            }
          }
        },
        "PowerApp_または_Flow_に応答する": {
          "runAfter": {
            "待ち時間": [
              "Succeeded"
            ]
          },
          "metadata": {
            "operationMetadataId": "1e5eb2e1-cae6-4028-95fa-7f71750eb058"
          },
          "type": "Response",
          "kind": "PowerApp",
          "inputs": {
            "statusCode": 200,
            "body": {
              "second": "@{triggerBody()['number']}"
            },
            "schema": {
              "type": "object",
              "properties": {
                "second": {
                  "title": "Second",
                  "x-ms-dynamically-added": true,
                  "type": "number"
                }
              }
            }
          }
        }
      }
    },
    "templateName": ""
  },
  "schemaVersion": "1.0.0.0"
}