{
  "properties": {
    "connectionReferences": {},
    "definition": {
      "$schema": "https://schema.management.azure.com/providers/Microsoft.Logic/schemas/2016-06-01/workflowdefinition.json#",
      "contentVersion": "1.0.0.0",
      "parameters": {
        "$authentication": {
          "defaultValue": {},
          "type": "SecureObject"
        }
      },
      "triggers": {
        "manual": {
          "metadata": {
            "operationMetadataId": "79228e57-b4c0-4b38-8aab-e053b02cbc66"
          },
          "type": "Request",
          "kind": "PowerAppV2",
          "inputs": {
            "schema": {
              "type": "object",
              "properties": {
                "text": {
                  "title": "ncode",
                  "type": "string",
                  "x-ms-dynamically-added": true,
                  "description": "ncodeを指定してください",
                  "x-ms-content-hint": "TEXT"
                },
                "text_1": {
                  "title": "page",
                  "type": "string",
                  "x-ms-dynamically-added": true,
                  "description": "pageを指定してください",
                  "x-ms-content-hint": "TEXT"
                }
              },
              "required": [
                "text",
                "text_1"
              ]
            }
          }
        }
      },
      "actions": {
        "変数を初期化する": {
          "runAfter": {},
          "metadata": {
            "operationMetadataId": "2e33eb4f-3a7b-4b33-b415-563d26b4395c"
          },
          "type": "InitializeVariable",
          "inputs": {
            "variables": [
              {
                "name": "ncode",
                "type": "string",
                "value": "@triggerBody()['text']"
              }
            ]
          }
        },
        "変数を初期化する_2": {
          "runAfter": {
            "変数を初期化する": [
              "Succeeded"
            ]
          },
          "metadata": {
            "operationMetadataId": "f84bd640-8b7c-4112-9da7-5919353b86d3"
          },
          "type": "InitializeVariable",
          "inputs": {
            "variables": [
              {
                "name": "page",
                "type": "string",
                "value": "@triggerBody()['text_1']"
              }
            ]
          }
        },
        "HTTP": {
          "runAfter": {
            "変数を初期化する_2": [
              "Succeeded"
            ]
          },
          "metadata": {
            "operationMetadataId": "1bdd1768-c431-4908-b1dd-58c0e04f903f"
          },
          "type": "Http",
          "inputs": {
            "method": "GET",
            "uri": "https://ncode.syosetu.com/@{variables('ncode')}/@{variables('page')}/"
          }
        },
        "PowerApp_または_Flow_に応答する": {
          "runAfter": {
            "HTTP": [
              "Succeeded"
            ]
          },
          "metadata": {
            "operationMetadataId": "35057e6e-9afa-4266-95b0-03a4e6565aa9"
          },
          "type": "Response",
          "kind": "PowerApp",
          "inputs": {
            "statusCode": 200,
            "body": {
              "source": "@{body('HTTP')}"
            },
            "schema": {
              "type": "object",
              "properties": {
                "source": {
                  "title": "Source",
                  "x-ms-dynamically-added": true,
                  "type": "string"
                }
              }
            }
          }
        }
      }
    },
    "templateName": null
  },
  "schemaVersion": "1.0.0.0"
}