{
  "properties": {
    "connectionReferences": {},
    "definition": {
      "$schema": "https://schema.management.azure.com/providers/Microsoft.Logic/schemas/2016-06-01/workflowdefinition.json#",
      "contentVersion": "1.0.0.0",
      "parameters": {
        "$authentication": {
          "defaultValue": {},
          "type": "SecureObject"
        }
      },
      "triggers": {
        "manual": {
          "metadata": {
            "operationMetadataId": "5d8bd9c4-d86e-4e1b-a367-1271f5ab165b"
          },
          "type": "Request",
          "kind": "PowerAppV2",
          "inputs": {
            "schema": {
              "type": "object",
              "properties": {
                "text": {
                  "title": "ncode",
                  "type": "string",
                  "x-ms-dynamically-added": true,
                  "description": "Nコードを指定してください",
                  "x-ms-content-hint": "TEXT"
                }
              },
              "required": [
                "text"
              ]
            }
          }
        }
      },
      "actions": {
        "変数を初期化する": {
          "runAfter": {},
          "metadata": {
            "operationMetadataId": "c53505c1-136e-41e9-82fa-d142f7e4a033"
          },
          "type": "InitializeVariable",
          "inputs": {
            "variables": [
              {
                "name": "ncode",
                "type": "string",
                "value": "@triggerBody()['text']"
              }
            ]
          }
        },
        "PowerApp_または_Flow_に応答する": {
          "runAfter": {
            "HTTP": [
              "Succeeded"
            ]
          },
          "metadata": {
            "operationMetadataId": "048137b8-ddbd-4c8e-bd68-e13752f2fbf7"
          },
          "type": "Response",
          "kind": "PowerApp",
          "inputs": {
            "statusCode": 200,
            "body": {
              "source": "@{body('HTTP')}"
            },
            "schema": {
              "type": "object",
              "properties": {
                "source": {
                  "title": "Source",
                  "x-ms-dynamically-added": true,
                  "type": "string"
                }
              }
            }
          }
        },
        "HTTP": {
          "runAfter": {
            "変数を初期化する": [
              "Succeeded"
            ]
          },
          "metadata": {
            "operationMetadataId": "b251ea43-3cab-459d-af10-c02885745556"
          },
          "type": "Http",
          "inputs": {
            "method": "GET",
            "uri": "https://ncode.syosetu.com/@{variables('ncode')}/"
          }
        }
      }
    },
    "templateName": null
  },
  "schemaVersion": "1.0.0.0"
}